{
  "1.28": [
    "arrow-ramp-left",
    "arrow-ramp-right",
    "cloud-off",
    "message-circle-2",
    "message-circle-off",
    "message-off",
    "messages-off",
    "picture-in-picture-off",
    "picture-in-picture-on",
    "player-pause",
    "player-play",
    "player-record",
    "player-skip-back",
    "player-skip-forward",
    "player-stop",
    "player-track-next",
    "player-track-prev"
  ],
  "1.27": [
    "aspect-ratio",
    "box-seam",
    "karate",
    "panorama-horizontal",
    "panorama-vertical",
    "picture-in-picture",
    "rectangle-vertical",
    "rectangle",
    "stars",
    "traffic-lights",
    "vector-beizer-2",
    "vector-beizer"
  ],
  "1.26": [
    "brand-appstore",
    "brand-google-play",
    "building-monument",
    "circle-dashed",
    "circle-dotted",
    "devices-2",
    "file-dislike",
    "file-like",
    "filter-off",
    "mood-boy",
    "world-latitude",
    "world-longitude"
  ],
  "1.25": [
    "access-point-off",
    "access-point",
    "battery-off",
    "headphones-off",
    "lock-off",
    "video-minus",
    "video-off",
    "video-plus",
    "video"
  ],
  "1.24": [
    "bell-ringing",
    "bookmarks",
    "chevron-down-left",
    "chevron-down-right",
    "chevron-up-left",
    "chevron-up-right",
    "chevrons-down-left",
    "chevrons-down-right",
    "chevrons-up-left",
    "chevrons-up-right",
    "credit-card-off",
    "crown",
    "float-none",
    "folder-off",
    "hand-off",
    "microphone-off",
    "screen-share-off",
    "screen-share",
    "star-half"
  ],
  "1.23": [
    "brand-deviantart",
    "brand-edge",
    "brand-firefox",
    "brand-flickr",
    "brand-foursquare",
    "brand-pocket",
    "brand-python",
    "brand-skype",
    "brand-spotify",
    "brand-tumblr",
    "brand-twitch",
    "brand-vimeo"
  ],
  "1.22": [
    "bell-off",
    "bluetooth-connected",
    "bluetooth-off",
    "bolt-off",
    "bookmark-off",
    "camera-off",
    "current-location",
    "eye-off",
    "file-diff",
    "file-off",
    "map-pin-off",
    "percentage",
    "phone-off",
    "photo-off",
    "school",
    "shield-off",
    "user-off",
    "wifi-off"
  ],
  "1.21": [
    "brand-discord",
    "circle-square",
    "circles",
    "moon-2",
    "moon-stars",
    "triangle-square-circle"
  ],
  "1.20": [
    "3d-cube-sphere",
    "brand-windows",
    "cloud-fog",
    "curly-loop",
    "device-mobile-rotated",
    "file-phone",
    "road-sign",
    "smart-home",
    "square-rotated",
    "step-into",
    "step-out",
    "tornado"
  ],
  "1.19": [
    "alert-octagon",
    "antenna-bars-1",
    "antenna-bars-2",
    "antenna-bars-3",
    "antenna-bars-4",
    "antenna-bars-5",
    "pause",
    "play",
    "skip-back",
    "skip-forward",
    "tournament",
    "track-next",
    "track-prev",
    "wave-saw-tool",
    "wave-sine",
    "wave-square"
  ],
  "1.18": [
    "biohazard",
    "fall",
    "heart-broken",
    "mood-cry",
    "moped",
    "octagon",
    "peace",
    "pray",
    "radioactive",
    "skateboard",
    "smoking-no",
    "smoking",
    "trident"
  ],
  "1.17": [
    "2fa",
    "brand-tailwind",
    "loader-quarter",
    "loader",
    "stairs-down",
    "stairs-up",
    "stairs",
    "text-wrap-disabled",
    "vector-triangle",
    "vector",
    "wiper-wash",
    "wiper",
    "zodiac-aquarius",
    "zodiac-aries",
    "zodiac-cancer",
    "zodiac-capricorn",
    "zodiac-gemini",
    "zodiac-leo",
    "zodiac-libra",
    "zodiac-pisces",
    "zodiac-sagittarius",
    "zodiac-scorpio",
    "zodiac-taurus",
    "zodiac-virgo"
  ],
  "1.16": [
    "brand-figma",
    "h-1",
    "h-2",
    "h-3",
    "h-4",
    "h-5",
    "h-6",
    "message-plus",
    "message-report",
    "pin",
    "question-mark",
    "select",
    "subtask"
  ],
  "1.15": [
    "arrow-bar-to-down",
    "arrow-bar-to-left",
    "arrow-bar-to-right",
    "arrow-bar-to-up",
    "brand-linkedin",
    "brand-pinterest",
    "brand-reddit",
    "brand-tabler",
    "brand-youtube",
    "file-upload"
  ],
  "1.14": [
    "caravan",
    "gas-station",
    "keyboard-hide",
    "keyboard-show",
    "mars",
    "page-break",
    "run",
    "sailboat",
    "ship",
    "swiming",
    "venus",
    "walk"
  ],
  "1.13": [
    "brand-behance",
    "brand-codepen",
    "brand-medium",
    "brand-messenger",
    "brand-slack",
    "brand-tiktok",
    "brand-whatsapp",
    "chart-bubble",
    "comet",
    "marquee",
    "medal",
    "separator-horizontal",
    "separator-vertical",
    "steering-wheel"
  ],
  "1.12": [
    "contrast",
    "electric-scooter",
    "letter-a",
    "letter-b",
    "letter-c",
    "letter-d",
    "letter-e",
    "letter-f",
    "letter-g",
    "letter-h",
    "letter-i",
    "letter-j",
    "letter-k",
    "letter-l",
    "letter-m",
    "letter-n",
    "letter-o",
    "letter-p",
    "letter-q",
    "letter-r",
    "letter-s",
    "letter-t",
    "letter-u",
    "letter-v",
    "letter-w",
    "letter-x",
    "letter-y",
    "letter-z",
    "live-view",
    "scooter"
  ],
  "1.11": [
    "a-b",
    "adjustments-alt",
    "adjustments-horizontal",
    "camera-minus",
    "camera-plus",
    "capture",
    "copyleft",
    "crosshair",
    "layout-kanban",
    "line",
    "markdown",
    "menu-2",
    "phone-calling",
    "rocket",
    "tallymark-1",
    "tallymark-2",
    "tallymark-3",
    "tallymark-4",
    "tallymarks",
    "truck-delivery",
    "truck-return",
    "zoom-cancel"
  ],
  "1.10": [
    "ball-bowling",
    "ball-tennis",
    "ball-volleyball",
    "flame",
    "hand-middle-finger",
    "hand-stop",
    "medical-cross",
    "mist",
    "sunset",
    "sunshine",
    "wind",
    "yin-yang"
  ],
  "1.9": [
    "brand-android",
    "brand-apple",
    "brand-chrome",
    "brand-framer",
    "brand-gitlab",
    "brand-google-drive",
    "brand-instagram",
    "brand-opera",
    "brand-paypal",
    "brand-safari",
    "brand-sketch",
    "brand-snapchat",
    "brand-telegram"
  ],
  "1.8": [
    "layout-cards",
    "layout-list",
    "rotate-rectangle",
    "ambulance",
    "building-community",
    "building-pavilon",
    "building-skyscrappers",
    "device-watch",
    "direction-horizontal",
    "direction",
    "dribbble",
    "facebook",
    "github",
    "google",
    "grip-horizontal",
    "grip-vertical",
    "hexagon",
    "mood-kid",
    "mood-suprised",
    "phone-check",
    "phone-plus",
    "phone-x",
    "planet",
    "servicemark",
    "shirt",
    "snowflake",
    "space",
    "tractor",
    "trademark",
    "traffic-cone",
    "trees",
    "twitter",
    "user-exclamation"
  ],
  "1.7": [
    "alien",
    "atom-2",
    "ball",
    "basket",
    "building-bank",
    "building-warehouse",
    "bus",
    "clear-formatting",
    "color-picker",
    "exchange",
    "firetruck",
    "forklift",
    "history",
    "math",
    "social",
    "temperature-minus",
    "temperature-plus",
    "terminal-2",
    "tir",
    "umbrella",
    "users",
    "viewport-narrow",
    "viewport-wide"
  ],
  "1.6": [
    "braces",
    "brackets",
    "ear",
    "emphasis",
    "file-code",
    "fingerprint",
    "flask",
    "focus-2",
    "forbid-2",
    "forbid",
    "keyboard",
    "outlet",
    "parentheses",
    "plug",
    "separator",
    "slice",
    "terminal",
    "text-wrap"
  ],
  "1.5": [
    "barcode",
    "replace",
    "scan",
    "slideshow",
    "tools",
    "wand",
    "apps",
    "browser",
    "brush",
    "calendar-minus",
    "calendar-plus",
    "car",
    "click",
    "discount",
    "language",
    "letter-case",
    "license",
    "new-section",
    "scale",
    "tax",
    "truck",
    "typography"
  ],
  "1.4": [
    "accessible",
    "checkbox",
    "checks",
    "currency-bitcoin",
    "currency-pound",
    "currency-rupee",
    "currency-yen",
    "disabled-2",
    "file-horizontal",
    "float-center",
    "float-left",
    "float-right",
    "login",
    "logout",
    "rotate-2",
    "rotate-clockwise-2"
  ],
  "1.3": [
    "anchor",
    "arrow-back-up",
    "arrow-forward-up",
    "atom",
    "bandage",
    "bold",
    "border-radius",
    "brightness-down",
    "brightness-up",
    "brightness",
    "calculator",
    "chrome",
    "coin",
    "columns",
    "currency-dollar",
    "currency-euro",
    "device-mobile-vibration",
    "devices",
    "drag-drop-2",
    "drag-drop",
    "egg",
    "eraser",
    "exposure",
    "focus",
    "ghost",
    "git-fork",
    "headset",
    "indent-decrease",
    "indent-increase",
    "italic",
    "line-height",
    "mood-tongue",
    "notebook",
    "omega",
    "pillow",
    "plane-arrival",
    "plane-departure",
    "recycle",
    "shape",
    "sitemap",
    "strikethrough",
    "subscript",
    "superscript",
    "table",
    "underline",
    "wifi-0",
    "wifi-1",
    "wifi-2"
  ],
  "1.2": [
    "aperture",
    "arrows-horizontal",
    "arrows-sort",
    "arrows-vertical",
    "bed",
    "caret-down",
    "caret-left",
    "caret-right",
    "caret-up",
    "color-swatch",
    "device-floppy",
    "device-gamepad",
    "device-laptop",
    "diamond",
    "dice",
    "file-invoice",
    "gift",
    "infinity",
    "list-check",
    "list",
    "messages",
    "note",
    "notes",
    "plane",
    "presentation",
    "repeat-once",
    "repeat",
    "sum",
    "virus",
    "wallet"
  ],
  "1.1": [
    "ad",
    "alarm",
    "arrow-back",
    "arrow-forward",
    "artboard",
    "award",
    "bug",
    "building-arch",
    "building-bridge-2",
    "building-bridge",
    "building-church",
    "building-hospital",
    "building-store",
    "building",
    "calendar-event",
    "device-speaker",
    "globe",
    "help",
    "home-2",
    "id",
    "layout-bottombar",
    "live-photo",
    "mug",
    "palette",
    "pencil",
    "record-mail",
    "ruler",
    "scissors",
    "stack",
    "template"
  ],
  "1.0": [
    "activity",
    "ajdustments",
    "alert-circle",
    "alert-triangle",
    "align-center",
    "align-justified",
    "align-left",
    "align-right",
    "archive",
    "arrow-bar-down",
    "arrow-bar-left",
    "arrow-bar-right",
    "arrow-bar-up",
    "arrow-down-circle",
    "arrow-down-left-circle",
    "arrow-down-left",
    "arrow-down-right-circle",
    "arrow-down-right",
    "arrow-down",
    "arrow-left-circle",
    "arrow-left",
    "arrow-narrow-down",
    "arrow-narrow-left",
    "arrow-narrow-right",
    "arrow-narrow-up",
    "arrow-right-circle",
    "arrow-right",
    "arrow-up-circle",
    "arrow-up-left-circle",
    "arrow-up-left",
    "arrow-up-right-circle",
    "arrow-up-right",
    "arrow-up",
    "arrows-diagonal-2",
    "arrows-diagonal",
    "arrows-maximize",
    "arrows-minimize",
    "at",
    "backspace",
    "ban",
    "battery-1",
    "battery-2",
    "battery-3",
    "battery-4",
    "battery-charging",
    "battery",
    "bell",
    "bike",
    "bluetooth",
    "bolt",
    "book",
    "bookmark",
    "border-all",
    "border-bottom",
    "border-horizontal",
    "border-inner",
    "border-left",
    "border-none",
    "border-outer",
    "border-right",
    "border-top",
    "border-vertical",
    "box",
    "briefcase",
    "bucket",
    "bulb-off",
    "bulb",
    "calendar",
    "camera",
    "cash",
    "cast",
    "chart-area-line",
    "chart-area",
    "chart-bar",
    "chart-candle",
    "chart-donut",
    "chart-line",
    "chart-pie",
    "check",
    "chevron-down",
    "chevron-left",
    "chevron-right",
    "chevron-up",
    "chevrons-down",
    "chevrons-left",
    "chevrons-right",
    "chevrons-up",
    "circle-check",
    "circle-minus",
    "circle-plus",
    "circle-x",
    "circle",
    "clipboard-check",
    "clipboard-list",
    "clipboard-x",
    "clipboard",
    "clock",
    "cloud-download",
    "cloud-rain",
    "cloud-snow",
    "cloud-storm",
    "cloud-upload",
    "cloud",
    "code",
    "command",
    "compass",
    "copy",
    "copyright",
    "corner-down-left",
    "corner-down-right",
    "corner-left-down",
    "corner-left-up",
    "corner-right-down",
    "corner-right-up",
    "corner-up-left",
    "corner-up-right",
    "credit-card",
    "crop",
    "cut",
    "dashboard",
    "database",
    "device-desktop",
    "device-mobile",
    "device-tablet",
    "device-tv",
    "directions",
    "disabled",
    "disc",
    "dots-circle-horizontal",
    "dots-diagonal-2",
    "dots-diagonal",
    "dots-vertical",
    "dots",
    "download",
    "droplet",
    "edit",
    "external-link",
    "eye",
    "face-id",
    "file-check",
    "file-download",
    "file-minus",
    "file-music",
    "file-plus",
    "file-shredder",
    "file-text",
    "file-x",
    "file",
    "filter",
    "flag",
    "flip-horizontal",
    "flip-vertical",
    "floppy-disk",
    "folder-minus",
    "folder-plus",
    "folder-x",
    "folder",
    "folders",
    "frame",
    "friends",
    "gauge",
    "git-branch",
    "git-commit",
    "git-compare",
    "git-merge",
    "git-pull-request",
    "glass-full",
    "glass",
    "grid-dots",
    "grid",
    "hash",
    "headphones",
    "heart",
    "home",
    "ice-cream",
    "inbox",
    "info-circle",
    "info-square",
    "key",
    "layers-difference",
    "layers-intersect",
    "layers-subtract",
    "layers-union",
    "layout-2",
    "layout-align-bottom",
    "layout-align-center",
    "layout-align-left",
    "layout-align-middle",
    "layout-align-right",
    "layout-align-top",
    "layout-columns",
    "layout-distribute-horizontal",
    "layout-distribute-vertical",
    "layout-navbar",
    "layout-rows",
    "layout-sidebar-right",
    "layout-sidebar",
    "layout",
    "lego",
    "lifebuoy",
    "link",
    "location",
    "lock-open",
    "lock",
    "magnet",
    "mail-opened",
    "mail",
    "man",
    "map-2",
    "map-pin",
    "map",
    "maximize",
    "menu",
    "message-2",
    "message-circle",
    "message-dots",
    "message",
    "microphone",
    "minimize",
    "minus",
    "mood-confuzed",
    "mood-happy",
    "mood-neutral",
    "mood-sad",
    "mood-smile",
    "moon",
    "mouse",
    "movie",
    "music",
    "news",
    "notification",
    "package",
    "paint",
    "paperclip",
    "parking",
    "phone-call",
    "phone-incoming",
    "phone-outgoing",
    "phone-pause",
    "phone",
    "photo",
    "plus",
    "point",
    "power",
    "printer",
    "prompt",
    "puzzle",
    "qrcode",
    "refresh",
    "registered",
    "rotate-clockwise",
    "rotate",
    "route",
    "router",
    "rss",
    "search",
    "selector",
    "send",
    "server",
    "settings",
    "share",
    "shield-check",
    "shield-x",
    "shield",
    "shopping-cart",
    "sort-ascending",
    "sort-descending",
    "square-check",
    "square-minus",
    "square-plus",
    "square-x",
    "square",
    "star",
    "sticker",
    "sun",
    "switch-horizontal",
    "switch-vertical",
    "switch",
    "tag",
    "target",
    "test-pipe",
    "thumb-down",
    "thumb-up",
    "ticket",
    "toggle-left",
    "toggle-right",
    "tool",
    "trash",
    "trending-down",
    "trending-up",
    "triangle",
    "trophy",
    "unlink",
    "upload",
    "urgent",
    "user-check",
    "user-minus",
    "user-plus",
    "user-x",
    "user",
    "viewfinder",
    "volume-2",
    "volume-3",
    "volume",
    "wifi",
    "woman",
    "world",
    "x",
    "zoom-in",
    "zoom-out"
  ]
}
